<?xml version="1.0" encoding="UTF-8" standalone="yes"?>
<addon id="repository.oolp" name="oolpgit" version="0.0.1" provider-name="oolp">
	<extension point="xbmc.addon.repository" name="oolpgit">
		<dir>
			<info compressed="false">https://raw.githubusercontent.com/totalrevolution/python-koding/master/zips/addons.xml</info>
			<checksum>https://raw.githubusercontent.com/totalrevolution/python-koding/master/zips/addons.xml.md5</checksum>
			<datadir zip="true">https://raw.githubusercontent.com/totalrevolution/python-koding/master/zips/</datadir>
		</dir>
		<info compressed="false">https://raw.githubusercontent.com/oolp/repository.oolp/master/zips/addons.xml</info>
		<checksum>https://raw.githubusercontent.com/oolp/repository.oolp/master/zips/addons.xml.md5</checksum>
		<datadir zip="true">https://raw.githubusercontent.com/oolp/repository.oolp/master/zips/</datadir>
	</extension>
	<extension point="xbmc.addon.metadata">
		<summary lang="en">OOLP</summary>
		<description lang="en">OOLP</description>
		<genre>livetv,news,sports,polish</genre>
	</extension>
</addon>