<?xml version="1.0" encoding="UTF-8" standalone="yes"?>
<addons>
<addon id="plugin.video.LivePolishTV" name="LivePolishTV" version="2.5.8" provider-name="Podpis">
    <requires>
        <import addon="xbmc.python" version="2.1.0"/>
        <import addon="service.cronxbmc" optional="true"/>
        <import addon="script.module.ramic" version="1.2.8"/>
    </requires>
    <extension point="xbmc.python.pluginsource" library="main.py">
        <provides>video</provides>
    </extension>
  <extension point="xbmc.addon.metadata">
    <summary lang="en">Live Polish TV</summary>
    <description lang="en">Live Polish TV</description>
    <disclaimer lang="en">A private use only. For bugs, requests or general questions visit my repository https://github.com/podpis/kodi</disclaimer>
    <language></language>
    <platform>all</platform>
    <license>GNU GENERAL PUBLIC LICENSE. Version 2, June 1991</license>
    <forum>https://github.com/podpis/kodi/issues</forum>
    <website>https://github.com/podpis/kodi</website>
    <email>podpis@op.pl</email>
  <assets>
    <icon>icon.png</icon>
    <fanart>fanart.jpg</fanart>
  </assets>
  <news>
Paid services are not supported. Do not bother asking for one.
Do not install this addon if you are using a build.
  </news>
  </extension>
</addon>

<addon id="plugin.video.alltube.tv" version="2.3" name="alltube.tv" provider-name="Podpis">
<requires>
  <import addon="xbmc.python" version="2.24.0"/>
  <import addon="script.module.urlresolver" version="3.0.15"/>
  <import addon="script.module.ramic" version="1.2.2"/>
  <import addon="script.common.plugin.cache" version="2.5.5"/>
</requires>
<extension point="xbmc.python.pluginsource" library="main.py">
  <provides>video</provides>
</extension>
<extension point="xbmc.addon.metadata">
  <summary lang="en">alltube.tv</summary>
  <description lang="en">Zasoby serwisu alltube.tv</description>
  <disclaimer lang="en">A private use only. For bugs, requests or general questions visit my repository https://github.com/podpis/kodi</disclaimer>
  <language></language>
  <platform>all</platform>
  <license></license>
  <forum>https://github.com/podpis/kodi/issues</forum>
  <website>https://github.com/podpis/kodi</website>
  <email></email>
  <source></source>
  <assets>
    <icon>icon.png</icon>
    <fanart>fanart.jpg</fanart>
  </assets>
  <news>
Do not install this addon if you are using a build.
  </news>
</extension>
</addon>

<addon
	id="plugin.video.anime.pl" name="anime.pl" version="1.5" provider-name="Podpis">
  <requires>
    <import addon="xbmc.python" version="2.1.0"/>
	<import addon="script.module.urlresolver" version="3.0.15"/>
	<import addon="script.module.ramic"/>
  </requires>
  <extension point="xbmc.python.pluginsource" library="addon.py">
    <provides>video</provides>
  </extension>
  <extension point="xbmc.addon.metadata">
    <summary lang="en">anime</summary>
    <description lang="en">anime.pl</description>
    <disclaimer lang="en"></disclaimer>
    <language></language>
    <platform>all</platform>
    <license></license>
    <forum>https://github.com/podpis/kodi/issues</forum>
    <website>https://github.com/podpis/kodi</website>
    <email>ramicspa at gmail dot com</email>
    <source></source>
  </extension>
</addon>

<addon id="plugin.video.anyfilespl" version="1.0" name="anyFiles" provider-name="Podpis">
<requires>
  <import addon="xbmc.python" version="2.1.0"/>
  <import addon="script.module.urlresolver" version="3.0.15"/>
  <import addon="script.module.ramic" />
</requires>

<extension point="xbmc.python.pluginsource" library="main.py">
  <provides>video</provides>
</extension>

<extension point="xbmc.addon.metadata">
  <summary lang="en">anyFiles</summary>
  <description lang="en">anyFiles</description>
  <disclaimer lang="en">A private use only. For bugs, requests or general questions visit my repository https://github.com/podpis/kodi</disclaimer>
  <language></language>
  <platform>all</platform>
  <license>GNU GENERAL PUBLIC LICENSE. Version 2, June 1991</license>
  <forum>https://github.com/podpis/kodi/issues</forum>
  <website>https://github.com/podpis/kodi</website>
  <email></email>
  <assets>
    <icon>icon.png</icon>
    <fanart>fanart.jpg</fanart>
  </assets>
  <news>
  </news>
</extension>
</addon>

<addon id="plugin.video.bajkionline" version="1.3" name="bajki" provider-name="Podpis">
 <requires>
  <import addon="xbmc.python" version="2.1.0"/>
  <import addon="script.module.urlresolver" version="3.0.15"/>
  <import addon="script.module.ramic" />
 </requires>
 <extension point="xbmc.python.pluginsource" library="main.py">
   <provides>video</provides>
 </extension>
<extension point="xbmc.addon.metadata">
  <summary lang="en">Bajkionline, Bajkipopolsku</summary>
  <description lang="en">Bajkionline, Bajkipopolsku</description>
  <disclaimer lang="en">A private use only. For bugs, requests or general questions visit my repository https://github.com/podpis/kodi</disclaimer>
  <language></language>
  <platform>all</platform>
  <license>GNU GENERAL PUBLIC LICENSE. Version 2, June 1991</license>
  <forum>https://github.com/podpis/kodi/issues</forum>
  <website>https://github.com/podpis/kodi</website>
  <email></email>
  <assets>
    <icon>icon.png</icon>
    <fanart>fanart.jpg</fanart>
  </assets>
  <news>
  </news>
</extension>
</addon>

<addon id="plugin.video.boxfilmpl" version="1.3" name="boxfilm" provider-name="Podpis">
<requires>
  <import addon="xbmc.python" version="2.1.0"/>
  <import addon="script.module.urlresolver" version="3.0.15"/>
  <import addon="script.module.ramic" />
  <import addon="script.common.plugin.cache" version="2.5.5"/>
</requires>
<extension point="xbmc.python.pluginsource" library="main.py">
  <provides>video</provides>
</extension>
<extension point="xbmc.addon.metadata">
  <summary lang="pl">Zasoby serwisów: boxfilm.pl oraz jbofilm.pl  </summary>
  <description lang="pl">Wszystkie filmy dostępne w serwisie są dostępne zupełnie za darmo.</description>
  <disclaimer lang="en">A private use only. For bugs, requests or general questions visit my repository https://github.com/podpis/kodi</disclaimer>
  <language></language>
  <platform>all</platform>
  <license>GNU GENERAL PUBLIC LICENSE. Version 2, June 1991</license>
  <forum>https://github.com/podpis/kodi/issues</forum>
  <website>https://github.com/podpis/kodi</website>
  <assets>
    <icon>icon.png</icon>
    <fanart>fanart.jpg</fanart>
    <screenshot>resources/screenshot-01.jpg</screenshot>
    <screenshot>resources/screenshot-02.jpg</screenshot>
  </assets>
  <news>
Do not install this addon if you are using a build.
  </news>
</extension>
</addon>

<addon id="plugin.video.cdahd" version="1.5" name="cda-hd" provider-name="Podpis">
<requires>
  <import addon="xbmc.python" version="2.1.0"/>
  <import addon="script.module.urlresolver" version="3.0.15"/>
  <import addon="script.module.ramic" version="1.2.3"/>
  <import addon="script.common.plugin.cache" version="2.5.5"/>
</requires>
<extension point="xbmc.python.pluginsource" library="main.py">
  <provides>video</provides>
</extension>
<extension point="xbmc.addon.metadata">
  <summary lang="en">filmtu.pl (cda-hd.pl)</summary>
  <description lang="en">Zasoby filmtu.pl (cda-hd.pl)</description>
  <disclaimer lang="en">A private use only. For bugs, requests or general questions visit my repository https://github.com/podpis/kodi</disclaimer>
  <language></language>
  <platform>all</platform>
  <license>GNU GENERAL PUBLIC LICENSE. Version 2, June 1991</license>
  <forum>https://github.com/podpis/kodi/issues</forum>
  <website>https://github.com/podpis/kodi</website>
  <email></email>
  <source>https://github.com/podpis/kodi</source>
  <assets>
    <icon>icon.png</icon>
    <fanart>fanart.jpg</fanart>
    <screenshot>resources/screenshot-01.jpg</screenshot>
    <screenshot>resources/screenshot-02.jpg</screenshot>
  </assets>
  <news>
Do not install this addon if you are using a build.
  </news>
</extension>
</addon>

<addon id="plugin.video.cdapl" version="2.0.3" name="cda.pl" provider-name="Podpis">
<requires>
  <import addon="xbmc.python" version="2.1.0"/>
  <import addon="script.common.plugin.cache" version="2.5.5"/>
  <import addon="script.module.ramic" version="1.2.6"/>
</requires>
<extension point="xbmc.python.pluginsource" library="main.py">
  <provides>video</provides>
</extension>
<extension point="xbmc.service" library="check.py" start="startup"/>
<extension point="xbmc.addon.metadata">
  <summary lang="pl">Zasoby serwisu [B]cda.pl[/B]</summary>
  <description lang="pl">Wtyczka umożliwia dostęp do bazy cda.pl</description>
  <disclaimer lang="en">A private use only. For bugs, requests or general questions visit my repository https://github.com/podpis/kodi</disclaimer>
  <language></language>
  <platform>all</platform>
  <license>GNU GENERAL PUBLIC LICENSE. Version 2, June 1991</license>
  <forum>https://github.com/podpis/kodi/issues</forum>
  <website>https://github.com/podpis/kodi</website>
  <assets>
    <icon>icon.png</icon>
    <fanart>fanart.jpg</fanart>
    <screenshot>resources/screenshot-01.jpg</screenshot>
    <screenshot>resources/screenshot-02.jpg</screenshot>
  </assets>
  <news>
Do not install this addon if you are using a build.
  </news>
</extension>
</addon>

<addon id="plugin.video.cdaxpl" version="1.0" name="cda-x" provider-name="Podpis">
<requires>
  <import addon="xbmc.python" version="2.1.0"/>
  <import addon="script.module.urlresolver" version="3.0.15"/>
  <import addon="script.module.ramic" version="1.2.8"/>
  <import addon="script.common.plugin.cache" version="2.5.5"/>
</requires>
<extension point="xbmc.python.pluginsource" library="main.py">
  <provides>video</provides>
</extension>
<extension point="xbmc.addon.metadata">
  <summary lang="pl">Zasoby: cda-x.pl </summary>
  <description lang="pl">cda-x.pl – filmy i seriale online</description>
  <disclaimer lang="en">A private use only. For bugs, requests or general questions visit my repository https://github.com/podpis/kodi</disclaimer>
  <language></language>
  <platform>all</platform>
  <license>GNU GENERAL PUBLIC LICENSE. Version 2, June 1991</license>
  <forum>https://github.com/podpis/kodi/issues</forum>
  <website>https://github.com/podpis/kodi</website>
  <assets>
    <icon>icon.png</icon>
    <fanart>fanart.jpg</fanart>
    <screenshot>resources/screenshot-01.jpg</screenshot>
    <screenshot>resources/screenshot-02.jpg</screenshot>
  </assets>
  <news>
Do not install this addon if you are using a build.
  </news>
</extension>
</addon>

<addon id="plugin.video.dmchannels" name="Dailymotion channels" version="1.6" provider-name="Podpis">
  <requires>
    <import addon="xbmc.python" version="2.1.0"/>
    <import addon="script.module.urlresolver" version="3.0.15"/>
  </requires>
  <extension point="xbmc.python.pluginsource" library="main.py">
    <provides>video</provides>
  </extension>
  <extension point="xbmc.addon.metadata">
  <summary lang="he">ערוצי משתמש Dailymotion</summary>
  <summary lang="pl">Kanały użytkowników z Dailymotion</summary>
  <summary lang="fr">Canaux des utilisateurs de Dailymotion</summary>
  <summary lang="en">Dailymotion user channels</summary>
  <description lang="he">ההרחבה מאפשרת לעיין בתוכן הערוצים שנוצרו על ידי משתמשים ב - Dailymotion.</description>
  <description lang="pl">Wtyczka pozwala na przeglądanie zasobów video kanałów użytkowników serwisu.</description>
  <description lang="en">The addon allows to browse the content of the channels created by Dailymotion users.</description>
  <description lang="fr">Cette addon permet de pa\rcourir le contenu des chaînes créées par les utilisateurs de Dailymotion.</description>
  <disclaimer lang="en">A private use only. For bugs, requests or general questions visit my repository https://github.com/podpis/kodi</disclaimer>
  <language></language>
  <platform>all</platform>
  <license>GNU GENERAL PUBLIC LICENSE. Version 2, June 1991</license>
  <forum>https://github.com/podpis/kodi/issues</forum>
  <website>https://github.com/podpis/kodi</website>
  <email>ramicspa at gmail dot com</email>
  <assets>
    <icon>icon.png</icon>
    <fanart>fanart.jpg</fanart>
  </assets>
  <news>
</news>
 </extension>
</addon>

<addon id="plugin.video.dokumentcyfrowo" version="1.0" name="Dokument Cyfrowo" provider-name="Podpis">
<requires>
  <import addon="xbmc.python" version="2.1.0"/>
  <import addon="script.module.urlresolver" version="4.0.10"/>
  <import addon="script.module.ramic" version="1.2.6"/>
</requires>
<extension point="xbmc.python.pluginsource" library="main.py">
  <provides>video</provides>
</extension>
<extension point="xbmc.addon.metadata">
  <summary lang="en">http://www.dokumentcyfrowo.pl/</summary>
  <description lang="en">http://www.dokumentcyfrowo.pl/</description>
  <disclaimer lang="en">A private use only. For bugs, requests or general questions visit my repository https://github.com/podpis/kodi</disclaimer>
  <language></language>
  <platform>all</platform>
  <license>GNU GENERAL PUBLIC LICENSE. Version 2, June 1991</license>
  <forum>https://github.com/podpis/kodi/issues</forum>
  <website>https://github.com/podpis/kodi</website>
  <email></email>
  <assets>
    <icon>icon.png</icon>
    <fanart>fanart.jpg</fanart>
  </assets>
  <news>
  </news>
</extension>
</addon>

<addon id="plugin.video.efilmy" version="1.15" name="efilmy" provider-name="Podpis">
<requires>
  <import addon="xbmc.python" version="2.1.0"/>
  <import addon="script.common.plugin.cache" version="2.5.5"/>
  <import addon="script.module.urlresolver" version="3.0.20"/>
  <import addon="script.module.ramic"/>
</requires>
<extension point="xbmc.python.pluginsource" library="main.py">
  <provides>video</provides>
</extension>
<extension point="xbmc.addon.metadata">
  <summary lang="en">efilmy</summary>
  <description lang="en">Zasoby efilmy.tv</description>
  <disclaimer lang="en">A private use only. For bugs, requests or general questions visit my repository https://github.com/podpis/kodi</disclaimer>
  <language></language>
  <platform>all</platform>
  <license>GNU GENERAL PUBLIC LICENSE. Version 2, June 1991</license>
  <forum>https://github.com/podpis/kodi/issues</forum>
  <website>https://github.com/podpis/kodi</website>
  <email></email>
  <assets>
    <icon>icon.png</icon>
    <fanart>fanart.jpg</fanart>
  </assets>
  <news>
  </news>
</extension>
</addon>

<addon 	id="plugin.video.ekabaretpl" name="ekabaret" version="1.3" provider-name="Podpis">
  <requires>
    <import addon="xbmc.python" version="2.1.0"/>
	<import addon="script.module.urlresolver" version="3.0.15"/>
	<import addon="script.module.ramic" />
  </requires>
  <extension point="xbmc.python.pluginsource" library="addon.py">
    <provides>video</provides>
  </extension>
  <extension point="xbmc.addon.metadata">
   <summary lang="en">ekabaret</summary>
   <description lang="en">Zasoby ekabaret.pl</description>
   <disclaimer lang="en">A private use only. For bugs, requests or general questions visit my repository https://github.com/podpis/kodi</disclaimer>
  <language>pl</language>
  <platform>all</platform>
  <license>GNU GENERAL PUBLIC LICENSE. Version 2, June 1991</license>
  <forum>https://github.com/podpis/kodi/issues</forum>
  <website>https://github.com/podpis/kodi</website>
  <email>ramicspa at gmail dot com</email>
  <assets>
    <icon>icon.png</icon>
    <fanart>fanart.jpg</fanart>
  </assets>
  <news>
  </news>
</extension>
</addon>

<addon id="plugin.video.ekinomaniaktv" version="1.0" name="ekinomaniak" provider-name="Podpis">
<requires>
  <import addon="xbmc.python" version="2.1.0"/>
  <import addon="script.module.urlresolver" version="4.0.0"/>
  <import addon="script.module.ramic" version="1.2.6"/>
  <import addon="script.common.plugin.cache" version="2.5.5"/>
</requires>
<extension point="xbmc.python.pluginsource" library="main.py">
  <provides>video</provides>
</extension>
<extension point="xbmc.addon.metadata">
  <summary lang="en">http://ekinomaniak.tv/</summary>
  <description lang="en">http://ekinomaniak.tv/</description>
  <disclaimer lang="en">A private use only. For bugs, requests or general questions visit my repository https://github.com/podpis/kodi</disclaimer>
  <language></language>
  <platform>all</platform>
  <license>GNU GENERAL PUBLIC LICENSE. Version 2, June 1991</license>
  <forum>https://github.com/podpis/kodi/issues</forum>
  <website>https://github.com/podpis/kodi</website>
  <assets>
    <icon>icon.png</icon>
    <fanart>fanart.jpg</fanart>
    <screenshot>resources/screenshot-01.jpg</screenshot>
    <screenshot>resources/screenshot-02.jpg</screenshot>
  </assets>
  <news>
Do not install this addon if you are using a build.
  </news>
</extension>
</addon>

<addon id="plugin.video.ekinotv" name="ekino-tv" version="1.9" provider-name="Podpis">
  <requires>
    <import addon="xbmc.python" version="2.1.0"/>
	<import addon="script.module.urlresolver" version="3.0.15"/>
	<import addon="script.module.ramic"/>
  </requires>
  <extension point="xbmc.python.pluginsource" library="addon.py">
    <provides>video</provides>
  </extension>
  <extension point="xbmc.addon.metadata">
    <summary lang="en">http://ekino-tv.pl/</summary>
    <description lang="en">Odgrywa zasoby Ekino-tv</description>
    <disclaimer lang="en">A private use only. For bugs, requests or general questions visit my repository https://github.com/podpis/kodi</disclaimer>
    <language></language>
    <platform>all</platform>
    <license>GNU GENERAL PUBLIC LICENSE. Version 2, June 1991</license>
    <forum>https://github.com/podpis/kodi(2)/issues</forum>
    <website>https://github.com/podpis/kodi(2)</website>
    <email>ramicspa at gmail dot com</email>
  <assets>
    <icon>icon.png</icon>
    <fanart>fanart.jpg</fanart>
  </assets>
  <news>

  </news>
  </extension>
</addon>

<addon id="plugin.video.ekstraklasa" name="Ekstraklasa" version="2.0" provider-name="Podpis">
  <requires>
    <import addon="xbmc.python" version="2.1.0"/>
    <import addon="script.module.urlresolver" version="3.0.15"/>
    <import addon="script.module.ramic" version="1.2.2"/>
  </requires>
  <extension point="xbmc.python.pluginsource" library="main.py">
    <provides>video</provides>
  </extension>
  <extension point="xbmc.addon.metadata">
    <summary lang="pl">Mecze ekstraklasy z dailymotion i nie tylko</summary>
    <description lang="en">Ekstraklasa</description>
    <language></language>
    <platform>all</platform>
    <license>GNU GENERAL PUBLIC LICENSE. Version 2, June 1991</license>
    <forum>https://github.com/podpis/kodi/issues</forum>
    <website>https://github.com/podpis/kodi</website>
    <email></email>
    <assets>
        <icon>icon.png</icon>
        <fanart>fanart.jpg</fanart>
    </assets>
  <news>
Ekstrakalasa.tv
Estadios.pl
LiveFootBallol
Lech.tv
FootbalOrgin
GoalArean
Meczyki.pl
Mecz replay
Polsat Sport
Laczy nas piłka
Do not install this addon if you are using a build.
 </news>
  </extension>
</addon>

<addon id="plugin.video.filisertv" version="2.1" name="Filiser" provider-name="Podpis">
<requires>
  <import addon="xbmc.python" version="2.1.0"/>
  <import addon="script.module.urlresolver" version="3.0.15"/>
  <import addon="script.module.ramic"/>
</requires>
<extension point="xbmc.python.pluginsource" library="main.py">
  <provides>video</provides>
</extension>
<extension point="xbmc.addon.metadata">
  <summary lang="en">Filiser</summary>
  <description lang="en">Filiser</description>
  <disclaimer lang="en">A private use only. For bugs, requests or general questions visit my repository https://github.com/podpis/kodi</disclaimer>
  <language></language>
  <platform>all</platform>
  <license>GNU GENERAL PUBLIC LICENSE. Version 2, June 1991</license>
  <forum>https://github.com/podpis/kodi/issues</forum>
  <website>https://github.com/podpis/kodi</website>
  <email></email>
  <assets>
    <icon>icon.png</icon>
    <fanart>fanart.jpg</fanart>
  </assets>
  <news>
Dostęp do serwisu bez polskiego IP
  </news>
</extension>
</addon>

<addon id="plugin.video.filmbooster" version="2.6" name="FilmwebBooster" provider-name="Podpis">
<requires>
  <import addon="xbmc.python" version="2.1.0"/>
  <import addon="script.module.urlresolver" version="3.0.15"/>
  <import addon="script.module.ramic" version="1.2.3" />
  <import addon="script.common.plugin.cache" version="2.5.5"/>
</requires>
<extension point="xbmc.python.pluginsource" library="main.py">
  <provides>video</provides>
</extension>
<extension point="xbmc.addon.metadata">
  <summary lang="pl">FilmwebBooster</summary>
  <description lang="pl">Baza filmów i seriali serwisu http://filmweb.pl wsparta silnikiem http://filmwebbooster.pl</description>
  <disclaimer lang="en">A private use only. For bugs, requests or general questions visit my repository https://github.com/podpis/kodi</disclaimer>
  <language></language>
  <platform>all</platform>
  <license>GNU GENERAL PUBLIC LICENSE. Version 2, June 1991</license>
  <forum>https://github.com/podpis/kodi/issues</forum>
  <website>https://github.com/podpis/kodi</website>
  <email></email>
  <source>https://github.com/podpis/kodi</source>
  <assets>
    <icon>icon.png</icon>
    <fanart>fanart.jpg</fanart>
  </assets>
  <news>
Do not install this addon if you are using a build.
  </news>
</extension>
</addon>

<addon id="plugin.video.filmmilicyjny" version="1.2" name="film-milicyjny" provider-name="Podpis">
<requires>
  <import addon="xbmc.python" version="2.1.0"/>
  <import addon="script.module.urlresolver" version="3.0.15"/>
  <import addon="script.module.ramic" />
</requires>
<extension point="xbmc.python.pluginsource" library="main.py">
  <provides>video</provides>
</extension>
<extension point="xbmc.addon.metadata">
  <summary lang="en">http://www.film-milicyjny.klubmord.com/</summary>
  <description lang="en">film-milicyjny: Klub MOrd – Polskie filmy kryminalne i sensacyjne - Filmy PRL -</description>
  <disclaimer lang="en">A private use only. For bugs, requests or general questions visit my repository https://github.com/podpis/kodi</disclaimer>
  <language>pl</language>
  <platform>all</platform>
  <license>GNU GENERAL PUBLIC LICENSE. Version 2, June 1991</license>
  <forum>https://github.com/podpis/kodi/issues</forum>
  <website>https://github.com/podpis/kodi</website>
  <email>ramicspa at gmail dot com</email>
  <assets>
    <icon>icon.png</icon>
    <fanart>fanart.jpg</fanart>
  </assets>
  <news>
  </news>
</extension>
</addon>

<addon id="plugin.video.filmydokumentalne" version="1.4" name="Filmy Dokumentalne" provider-name="Podpis">
<requires>
    <import addon="xbmc.python" version="2.1.0"/>
    <import addon="script.module.urlresolver" version="3.0.20"/>
    <import addon="script.module.ramic" version="1.2.2"/>
</requires>
<extension point="xbmc.python.pluginsource" library="main.py">
  <provides>video</provides>
</extension>
<extension point="xbmc.addon.metadata">
  <summary lang="en">http://www.filmydokumentalne.eu/</summary>
  <description lang="en">http://www.filmydokumentalne.eu/</description>
  <disclaimer lang="en">A private use only. For bugs, requests or general questions visit my repository https://github.com/podpis/kodi</disclaimer>
  <language></language>
  <platform>all</platform>
  <license>GNU GENERAL PUBLIC LICENSE. Version 2, June 1991</license>
  <forum>https://github.com/podpis/kodi/issues</forum>
  <website>https://github.com/podpis/kodi</website>
  <email></email>
  <assets>
    <icon>icon.png</icon>
    <fanart>fanart.jpg</fanart>
  </assets>
  <news>
  </news>
</extension>
</addon>

<addon id="plugin.video.folderramic" name="folder" provider-name="Podpis" version="1.1b">
<requires>
  <import addon="xbmc.python" version="2.1.0" />
</requires>
<extension library="default.py" point="xbmc.python.pluginsource">
  <provides>video</provides>
</extension>
<extension point="xbmc.addon.metadata">
  <summary lang="en">ramic folder</summary>
  <summary lang="pl">ramic folder</summary>
  <description lang="en">a folder for video plugins</description>
  <description lang="pl">katalog dla pluginów video</description>
  <disclaimer lang="en">private use</disclaimer>
  <language />
  <platform>all</platform>
  <license />
  <forum />
  <website>https://github.com/podpis/kodi</website>
  <email>ramicspa@gmail.com</email>
  <source />
</extension>
</addon>

<addon id="plugin.video.freedisc.pl" version="1.4" name="freedisc" provider-name="Podpis">
<requires>
  <import addon="xbmc.python" version="2.1.0"/>
  <import addon="script.common.plugin.cache" version="2.5.5"/>
  <import addon="script.module.ramic" />
</requires>
<extension point="xbmc.python.pluginsource" library="main.py">
  <provides>video</provides>
</extension>
<extension point="xbmc.addon.metadata">
  <summary lang="en">Freedisc</summary>
  <description lang="en">Freedisc</description>
  <disclaimer lang="en">A private use only. For bugs, requests or general questions visit my repository https://github.com/podpis/kodi</disclaimer>
  <language></language>
  <platform>all</platform>
  <license>GNU GENERAL PUBLIC LICENSE. Version 2, June 1991</license>
  <forum>https://github.com/podpis/kodi/issues</forum>
  <website>https://github.com/podpis/kodi</website>
  <email>ramicspa at gmail dot com</email>
  <assets>
    <icon>icon.png</icon>
    <fanart>fanart.jpg</fanart>
  </assets>
  <news>
  </news>
</extension>
</addon>

<addon id="plugin.video.iitv" name="iitv-seriale" version="2.3" provider-name="Podpis">
  <requires>
    <import addon="xbmc.python" version="2.25.0"/>
	<import addon="script.module.urlresolver" version="4.0.0"/>
	<import addon="script.module.ramic" version="1.2.6"/>
  </requires>
  <extension point="xbmc.python.pluginsource" library="addon.py">
    <provides>video</provides>
  </extension>
  <extension point="xbmc.addon.metadata">
    <summary lang="en">iitv</summary>
    <description lang="en">Odgrywa zasoby iitv.pl</description>
	<disclaimer lang="en">A private use only. For bugs, requests or general questions visit my repository https://github.com/podpis/kodi</disclaimer>
	<language></language>
	<platform>all</platform>
	<license>GNU GENERAL PUBLIC LICENSE. Version 2, June 1991</license>
	<forum>https://github.com/podpis/kodi/issues</forum>
	<website>https://github.com/podpis/kodi</website>
	<email></email>
	<assets>
		<icon>icon.png</icon>
		<fanart>fanart.jpg</fanart>
	</assets>
	<news>
	</news>
</extension>
</addon>

<addon id="plugin.video.iwatchonline" version="1.6" name="iwatchonline" provider-name="Podpis">
<requires>
  <import addon="xbmc.python" version="2.1.0"/>
  <import addon="script.common.plugin.cache" version="2.5.5"/>
  <import addon="script.module.urlresolver" version="3.0.20"/>
  <import addon="script.module.ramic" version="1.1.0"/>
</requires>
<extension point="xbmc.python.pluginsource" library="main.py">
  <provides>video</provides>
</extension>
<extension point="xbmc.addon.metadata">
  <summary lang="en">iwatchonline</summary>
  <description lang="en">iwatchonline</description>
  <disclaimer lang="en">private use only!</disclaimer>
  <language></language>
  <platform>all</platform>
  <license></license>
  <forum></forum>
  <website>https://github.com/podpis/kodi</website>
  <email></email>
  <source></source>
</extension>
</addon>

<addon id="plugin.video.kinostacja" version="1.0" name="kinostacja" provider-name="Podpis">
<requires>
  <import addon="xbmc.python" version="2.1.0"/>
  <import addon="script.module.urlresolver" version="3.0.15"/>
  <import addon="script.module.ramic" />
  <import addon="script.common.plugin.cache" version="2.5.5"/>
</requires>
<extension point="xbmc.python.pluginsource" library="main.py">
  <provides>video</provides>
</extension>
<extension point="xbmc.addon.metadata">
  <summary lang="en">kinostacja</summary>
  <description lang="en">kinostacja</description>
  <disclaimer lang="en">A private use only. For bugs, requests or general questions visit my repository https://github.com/podpis/kodi</disclaimer>
  <language></language>
  <platform>all</platform>
  <license>GNU GENERAL PUBLIC LICENSE. Version 2, June 1991</license>
  <forum>https://github.com/podpis/kodi/issues</forum>
  <website>https://github.com/podpis/kodi</website>
  <email>ramicspaatgmaildotcom</email>
  <source>https://github.com/podpis/kodi</source>
</extension>
</addon>

<addon id="plugin.video.kreskowkazonepl" version="1.1" name="Kreskowka Zone" provider-name="Podpis">
<requires>
  <import addon="xbmc.python" version="2.1.0"/>
  <import addon="script.module.urlresolver" version="3.0.15"/>
  <import addon="script.module.ramic" />
  <import addon="script.common.plugin.cache" version="2.5.5"/>
</requires>
<extension point="xbmc.python.pluginsource" library="main.py">
  <provides>video</provides>
</extension>
<extension point="xbmc.addon.metadata">
  <summary lang="pl">Zasoby serwisu: http://www.kreskowkazone.pl</summary>
  <description lang="pl">[COLOR red]kreskowka[/COLOR][COLOR white]zone[/COLOR]</description>
  <disclaimer lang="en">A private use only. For bugs, requests or general questions visit my repository https://github.com/podpis/kodi</disclaimer>
  <language></language>
  <platform>all</platform>
  <license>GNU GENERAL PUBLIC LICENSE. Version 2, June 1991</license>
  <forum>https://github.com/podpis/kodi/issues</forum>
  <website>https://github.com/podpis/kodi</website>
  <assets>
    <icon>icon.png</icon>
    <fanart>fanart.jpg</fanart>
    <screenshot>resources/screenshot-01.jpg</screenshot>
    <screenshot>resources/screenshot-02.jpg</screenshot>
  </assets>
  <news>
Do not install this addon if you are using a build.
  </news>
</extension>
</addon>

<addon id="plugin.video.LiveIPTV" name="Live IPTV" version="2.1" provider-name="Podpis">
  <requires>
    <import addon="xbmc.python" version="2.1.0"/>
    <import addon="plugin.video.f4mTester" version="2.2.3" optional="true" />
    <import addon="script.module.ramic" />
</requires>
  <extension point="xbmc.python.pluginsource" library="addon.py">

 <provides>video</provides>
  </extension>
  <extension point="xbmc.addon.metadata">
    <summary lang="en">Live IP TV </summary>
    <description lang="en">Live IP TV</description>
    <disclaimer lang="en">A private use only. For bugs, requests or general questions visit my repository https://github.com/podpis/kodi</disclaimer>
    <language></language>
    <platform>all</platform>
    <license>GNU GENERAL PUBLIC LICENSE. Version 2, June 1991</license>
    <forum>https://github.com/podpis/kodi/issues</forum>
    <website>https://github.com/podpis/kodi</website>
    <email></email>
  <assets>
    <icon>icon.png</icon>
    <fanart>fanart.jpg</fanart>
  </assets>
  <news>
Do not install this addon if you are using a build.
  </news>
  </extension>
</addon>

<addon id="plugin.video.montypython" version="1.0" name="Monty-Python" provider-name="Podpis">
<requires>
    <import addon="xbmc.python" version="2.1.0"/>
    <import addon="script.module.urlresolver" version="3.0.20"/>
	<import addon="script.module.ramic" />
</requires>

<extension point="xbmc.python.pluginsource" library="main.py">
  <provides>video</provides>
</extension>

<extension point="xbmc.addon.metadata">
  <summary lang="en">Komedie brytyjskie on-line</summary>
  <description lang="en">Komedie brytyjskie on-line</description>
  <disclaimer lang="en">A private use only. For bugs, requests or general questions visit my repository https://github.com/podpis/kodi</disclaimer>
  <language></language>
  <platform>all</platform>
  <license>GNU GENERAL PUBLIC LICENSE. Version 2, June 1991</license>
  <forum>https://github.com/podpis/kodi/issues</forum>
  <website>https://github.com/podpis/kodi</website>
  <email></email>
  <assets>
    <icon>icon.png</icon>
    <fanart>fanart.jpg</fanart>
  </assets>
  <news>
  </news>
</extension>
</addon>

<addon id="plugin.video.musichubdcom" version="1.1" name="MusicHub" provider-name="Podpis">
<requires>
  <import addon="xbmc.python" version="2.1.0"/>
  <import addon="script.module.urlresolver" version="4.0.0"/>
  <import addon="script.module.ramic" version="1.2.2"/>
  <import addon="script.common.plugin.cache" version="2.5.5"/>
</requires>
<extension point="xbmc.python.pluginsource" library="main.py">
  <provides>video</provides>
</extension>
<extension point="xbmc.addon.metadata">
  <summary lang="en">All Your Favorite Music Under One Roof</summary>
  <description lang="en">The Musixhub platform lets you watch videos and play music from your favorite artists - full albums / latest videos / interviews / live performances and more.</description>
  <disclaimer lang="en">A private use only. For bugs, requests or general questions visit my repository https://github.com/podpis/kodi</disclaimer>
  <language></language>
  <platform>all</platform>
  <license>GNU GENERAL PUBLIC LICENSE. Version 2, June 1991</license>
  <forum>https://github.com/podpis/kodi/issues</forum>
  <website>https://github.com/podpis/kodi</website>
  <assets>
    <icon>icon.png</icon>
    <fanart>fanart.jpg</fanart>
    <screenshot>resources/screenshot-01.jpg</screenshot>
    <screenshot>resources/screenshot-02.jpg</screenshot>
  </assets>
  <news>
Do not install this addon if you are using a build.
  </news>
</extension>
</addon>

<addon id="plugin.video.musicstreampl" version="1.0" name="MusicStream" provider-name="Podpis">
<requires>
  <import addon="xbmc.python" version="2.24.0"/>
  <import addon="script.module.urlresolver" version="4.0.0"/>
  <import addon="script.module.ramic" version="1.2.6"/>
  <import addon="script.common.plugin.cache" version="2.5.5"/>
</requires>
<extension point="xbmc.python.pluginsource" library="main.py">
  <provides>video</provides>
</extension>
<extension point="xbmc.addon.metadata">
  <summary lang="en">http://www.musicstream.pl</summary>
  <description lang="en">http://www.musicstream.pl</description>
  <disclaimer lang="en">A private use only. For bugs, requests or general questions visit my repository https://github.com/podpis/kodi</disclaimer>
  <language></language>
  <platform>all</platform>
  <license>GNU GENERAL PUBLIC LICENSE. Version 2, June 1991</license>
  <forum>https://github.com/podpis/kodi/issues</forum>
  <website>https://github.com/podpis/kodi</website>
  <assets>
    <icon>icon.png</icon>
    <fanart>fanart.jpg</fanart>
    <screenshot>resources/screenshot-01.jpg</screenshot>
    <screenshot>resources/screenshot-02.jpg</screenshot>
  </assets>
  <news>
Do not install this addon if you are using a build.
  </news>
</extension>
</addon>

<addon id="plugin.video.naszekino" name="Nasze-Kino" version="2.5" provider-name="Podpis">
  <requires>
    <import addon="xbmc.python" version="2.1.0"/>
    <import addon="script.module.ramic" version="1.2.2"/>
    <import addon="script.module.urlresolver" version="4.0.0"/>
  </requires>
  <extension point="xbmc.python.pluginsource" library="addon.py">
    <provides>video</provides>
  </extension>
  <extension point="xbmc.addon.metadata">
    <summary lang="en">nasze-kino.online</summary>
    <description lang="en">Odgrywa zasoby nasze-kino.online</description>
    <disclaimer lang="en"></disclaimer>
    <language></language>
    <platform>all</platform>
    <license></license>
    <forum></forum>
    <website></website>
    <email></email>
    <source></source>
  </extension>
</addon>

<addon id="plugin.video.naszekinotv" version="1.1" name="nasze-kino.tv" provider-name="Podpis">
<requires>
  <import addon="xbmc.python" version="2.1.0"/>
  <import addon="script.module.urlresolver" version="3.0.15"/>
  <import addon="script.module.ramic" />
  <import addon="script.common.plugin.cache" version="2.5.5"/>
</requires>
<extension point="xbmc.python.pluginsource" library="main.py">
  <provides>video</provides>
</extension>
<extension point="xbmc.addon.metadata">
  <summary lang="en">nasze-kino.tv</summary>
  <description lang="en">nasze-kino.tv</description>
  <disclaimer lang="en">A private use only. For bugs, requests or general questions visit my repository https://github.com/podpis/kodi</disclaimer>
  <language></language>
  <platform>all</platform>
  <license>GNU GENERAL PUBLIC LICENSE. Version 2, June 1991</license>
  <forum>https://github.com/podpis/kodi/issues</forum>
  <website>https://github.com/podpis/kodi</website>
  <email></email>
  <source>https://github.com/podpis/kodi</source>
  <assets>
    <icon>icon.png</icon>
    <fanart>fanart.jpg</fanart>
  </assets>
  <news>
Do not install this addon if you are using a build.
  </news>
</extension>
</addon>

<addon id="plugin.video.ninateka" version="1.2" name="ninateka" provider-name="Podpis">
<requires>
  <import addon="xbmc.python" version="2.1.0"/>
  <import addon="script.module.ramic"/>
</requires>

<extension point="xbmc.python.pluginsource" library="main.py">
  <provides>video</provides>
</extension>

<extension point="xbmc.addon.metadata">
  <summary lang="en">ninateka</summary>
  <description lang="en">ninateka</description>
  <disclaimer lang="en">A private use only. For bugs, requests or general questions visit my repository https://github.com/podpis/kodi</disclaimer>
  <language></language>
  <platform>all</platform>
  <license>GNU GENERAL PUBLIC LICENSE. Version 2, June 1991</license>
  <forum>https://github.com/podpis/kodi/issues</forum>
  <website>https://github.com/podpis/kodi</website>
  <email></email>
  <assets>
    <icon>icon.png</icon>
    <fanart>fanart.jpg</fanart>
    <screenshot>resources/screenshot-01.jpg</screenshot>
    <screenshot>resources/screenshot-02.jpg</screenshot>
  </assets>
  <news>
  </news>
</extension>
</addon>

<addon id="plugin.video.openkatalogcom" version="1.0" name="OpenKatalog" provider-name="Podpis">
<requires>
  <import addon="xbmc.python" version="2.1.0"/>
  <import addon="script.module.urlresolver" version="3.0.15"/>
  <import addon="script.module.ramic" />
  <import addon="script.common.plugin.cache" version="2.5.5"/>
</requires>
<extension point="xbmc.python.pluginsource" library="main.py">
  <provides>video</provides>
</extension>
<extension point="xbmc.addon.metadata">
  <summary lang="pl">Zasoby serwisów: openkatalog.com </summary>
  <description lang="pl">OpenKatalog - nowym Polski katalogu filmów i seriali załadowanych na hosting - openload</description>
  <disclaimer lang="en">A private use only. For bugs, requests or general questions visit my repository https://github.com/podpis/kodi</disclaimer>
  <language></language>
  <platform>all</platform>
  <license>GNU GENERAL PUBLIC LICENSE. Version 2, June 1991</license>
  <forum>https://github.com/podpis/kodi/issues</forum>
  <website>https://github.com/podpis/kodi</website>
  <assets>
    <icon>icon.png</icon>
    <fanart>fanart.jpg</fanart>
    <screenshot>resources/screenshot-01.jpg</screenshot>
    <screenshot>resources/screenshot-02.jpg</screenshot>
  </assets>
  <news>
Do not install this addon if you are using a build.
  </news>
</extension>
</addon>

<addon id="plugin.video.ramicpbs" version="1.0" name="PBS" provider-name="Podpis">
<requires>
  <import addon="xbmc.python" version="2.1.0"/>
  <import addon="script.module.urlresolver" version="3.0.15"/>
  <import addon="script.module.ramic" version="1.2.0"/>
  <import addon="script.common.plugin.cache" version="2.5.5"/>
</requires>
<extension point="xbmc.python.pluginsource" library="main.py">
  <provides>video</provides>
</extension>
<extension point="xbmc.addon.metadata">
  <summary lang="en">PBS ThinkTV</summary>
  <description lang="en">PBS ThinkTV</description>
  <disclaimer lang="en">A private use only. For bugs, requests or general questions visit my repository https://github.com/podpis/kodi</disclaimer>
  <language></language>
  <platform>all</platform>
  <license>GNU GENERAL PUBLIC LICENSE. Version 2, June 1991</license>
  <forum>https://github.com/podpis/kodi/issues</forum>
  <website>https://github.com/podpis/kodi</website>
  <assets>
    <icon>icon.png</icon>
    <fanart>fanart.jpg</fanart>
    <screenshot>resources/screenshot-01.jpg</screenshot>
    <screenshot>resources/screenshot-02.jpg</screenshot>
  </assets>
  <news>
Do not install this addon if you are using a build.
  </news>
</extension>
</addon>

<addon id="plugin.video.ramicpolsat" version="1.0" name="PolsatNews" provider-name="Podpis">
<requires>
  <import addon="xbmc.python" version="2.1.0"/>
  <import addon="script.module.ramic"/>
</requires>
<extension point="xbmc.python.pluginsource" library="main.py">
  <provides>video</provides>
</extension>
<extension point="xbmc.addon.metadata">
  <summary lang="en">PolsatNews</summary>
  <description lang="en">PolsatNews</description>
  <disclaimer lang="en">A private use only. For bugs, requests or general questions visit my repository https://github.com/podpis/kodi</disclaimer>
  <language></language>
  <platform>all</platform>
  <license>GNU GENERAL PUBLIC LICENSE. Version 2, June 1991</license>
  <forum>https://github.com/podpis/kodi/issues</forum>
  <website>https://github.com/podpis/kodi</website>
  <email>ramicspa at gmail dot com</email>
  <assets>
    <icon>icon.png</icon>
    <fanart>fanart.jpg</fanart>
  </assets>
  <news>
  </news>
</extension>
</addon>

<addon id="plugin.video.ramictvlinkspl" version="1.0" name="TvLinks" provider-name="Podpis">
<requires>
  <import addon="xbmc.python" version="2.1.0"/>
  <import addon="script.module.urlresolver" version="3.0.15"/>
  <import addon="script.module.ramic" />
  <import addon="script.common.plugin.cache" version="2.5.5"/>
</requires>
<extension point="xbmc.python.pluginsource" library="main.py">
  <provides>video</provides>
</extension>
<extension point="xbmc.addon.metadata">
  <summary lang="pl">Zasoby serwisu: http://www.tvlinks.pl</summary>
  <description lang="pl"></description>
  <disclaimer lang="en">A private use only. For bugs, requests or general questions visit my repository https://github.com/podpis/kodi</disclaimer>
  <language></language>
  <platform>all</platform>
  <license>GNU GENERAL PUBLIC LICENSE. Version 2, June 1991</license>
  <forum>https://github.com/podpis/kodi/issues</forum>
  <website>https://github.com/podpis/kodi</website>
  <assets>
    <icon>icon.png</icon>
    <fanart>fanart.jpg</fanart>
  </assets>
  <news>
Do not install this addon if you are using a build.
  </news>
</extension>
</addon>

<addon id="plugin.video.ramictvn24" version="1.2" name="TVN24" provider-name="Podpis">
<requires>
  <import addon="xbmc.python" version="2.1.0"/>
  <import addon="script.module.ramic"/>
</requires>
<extension point="xbmc.python.pluginsource" library="main.py">
  <provides>video</provides>
</extension>
<extension point="xbmc.addon.metadata">
  <summary lang="en">TVN24</summary>
  <description lang="en">TVN24</description>
  <disclaimer lang="en">A private use only. For bugs, requests or general questions visit my repository https://github.com/podpis/kodi</disclaimer>
  <language></language>
  <platform>all</platform>
  <license>GNU GENERAL PUBLIC LICENSE. Version 2, June 1991</license>
  <forum>https://github.com/podpis/kodi/issues</forum>
  <website>https://github.com/podpis/kodi</website>
  <email>ramicspa at gmail dot com</email>
  <assets>
    <icon>icon.png</icon>
    <fanart>fanart.jpg</fanart>
  </assets>
  <news>
  </news>
</extension>
</addon>

<addon id="plugin.video.segos" version="3.0" name="segos" provider-name="Podpis">
<requires>
  <import addon="xbmc.python" version="2.1.0"/>
  <import addon="script.common.plugin.cache" version="2.5.5"/>
  <import addon="script.module.urlresolver" version="3.0.15"/>
  <import addon="script.module.ramic"/>
</requires>
<extension point="xbmc.python.pluginsource" library="main.py">
  <provides>video</provides>
</extension>
<extension point="xbmc.addon.metadata">
  <summary lang="en">segos</summary>
  <description lang="en">Zasoby segos.es</description>
  <disclaimer lang="en">private use</disclaimer>
  <language></language>
  <platform>all</platform>
  <license></license>
  <forum></forum>
  <website>https://github.com/podpis/kodi</website>
  <email>ramicspaatgmaildotcom</email>
  <source></source>
  <assets>
    <icon>icon.png</icon>
    <fanart>fanart.jpg</fanart>
    <screenshot>resources/screenshot-01.jpg</screenshot>
    <screenshot>resources/screenshot-02.jpg</screenshot>
  </assets>
  <news>
Do not install this addon if you are using a build.
  </news>
</extension>
</addon>

<addon id="plugin.video.serialosypl" version="1.7" name="serialosy.pl" provider-name="Podpis">
<requires>
  <import addon="xbmc.python" version="2.1.0"/>
  <import addon="script.module.urlresolver" version="3.0.20"/>
  <import addon="script.module.ramic" />
</requires>

<extension point="xbmc.python.pluginsource" library="main.py">
  <provides>video</provides>
</extension>

<extension point="xbmc.addon.metadata">
  <summary lang="en">Serialosy.pl</summary>
  <description lang="en">Serialosy.pl</description>
  <disclaimer lang="en">A private use only. For bugs, requests or general questions visit my repository https://github.com/podpis/kodi</disclaimer>
  <language></language>
  <platform>all</platform>
  <license>GNU GENERAL PUBLIC LICENSE. Version 2, June 1991</license>
  <forum>https://github.com/podpis/kodi/issues</forum>
  <website>https://github.com/podpis/kodi</website>
  <email></email>
  <assets>
    <icon>icon.png</icon>
    <fanart>fanart.jpg</fanart>
  </assets>
  <news>
</news>
</extension>
</addon>

<addon id="plugin.video.szukajkatv" version="1.3" name="Szukajka.tv" provider-name="Podpis">
<requires>
    <import addon="xbmc.python" version="2.1.0"/>
    <import addon="script.common.plugin.cache" version="2.5.5"/>
    <import addon="script.module.urlresolver" version="3.0.20"/>
	<import addon="script.module.ramic" version="1.2.1"/>
</requires>

<extension point="xbmc.python.pluginsource" library="main.py">
  <provides>video</provides>
</extension>

<extension point="xbmc.addon.metadata">
  <summary lang="en">Szukajka.tv</summary>
  <description lang="en">Szukajka.tv</description>
  <disclaimer lang="en">A private use only. For bugs, requests or general questions visit my repository https://github.com/podpis/kodi</disclaimer>
  <language></language>
  <platform>all</platform>
  <license>GNU GENERAL PUBLIC LICENSE. Version 2, June 1991</license>
  <forum>https://github.com/podpis/kodi/issues</forum>
  <website>https://github.com/podpis/kodi</website>
  <email>ramicspa at gmail dot com</email>
  <assets>
    <icon>icon.png</icon>
    <fanart>fanart.jpg</fanart>
  </assets>
  <news>
  </news>
</extension>
</addon>

<addon id="plugin.video.TVP.pl" name="TVP.pl" version="2.1.5" provider-name="Podpis">
  <requires>
    <import addon="xbmc.python" version="2.1.0"/>
    <import addon="script.module.ramic"/>
  </requires>
  <extension point="xbmc.python.pluginsource" library="addon.py">
    <provides>video</provides>
  </extension>
  <extension point="xbmc.addon.metadata">
	<summary lang="en">Zasoby serwisu tvp.pl oraz vod.tvp.pl</summary>
	<description lang="en">Zasoby serwisu tvp.pl oraz vod.tvp.pl</description>
	<disclaimer lang="en">A private use only. For bugs, requests or general questions visit my repository https://github.com/podpis/kodi</disclaimer>
	<language>pl</language>
	<platform>all</platform>
	<license>GNU GENERAL PUBLIC LICENSE. Version 2, June 1991</license>
	<forum>https://github.com/podpis/kodi/issues</forum>
	<website>https://github.com/podpis/kodi</website>
	<email></email>
	<assets>
		<icon>icon.png</icon>
		<fanart>fanart.jpg</fanart>
	</assets>
	<news>
Do not install this addon if you are using a build.
	</news>
  </extension>
</addon>

<addon id="plugin.video.viderpl" version="1.5" name="vider" provider-name="Podpis">
<requires>
  <import addon="xbmc.python" version="2.1.0"/>
  <import addon="script.common.plugin.cache" version="2.5.5"/>
  <import addon="script.module.ramic" />
</requires>
<extension point="xbmc.python.pluginsource" library="main.py">
  <provides>video</provides>
</extension>
<extension point="xbmc.addon.metadata">
  <summary lang="en">vider.info</summary>
  <description lang="en">vider.pl</description>
  <disclaimer lang="en">A private use only. For bugs, requests or general questions visit my repository https://github.com/podpis/kodi</disclaimer>
  <language></language>
  <platform>all</platform>
  <license>GNU GENERAL PUBLIC LICENSE. Version 2, June 1991</license>
  <forum>https://github.com/podpis/kodi/issues</forum>
  <website>https://github.com/podpis/kodi</website>
  <email>ramicspa at gmail dot com</email>
  <assets>
    <icon>icon.png</icon>
    <fanart>fanart.jpg</fanart>
  </assets>
  <news>
  </news>
</extension>
</addon>

<addon id="plugin.video.zalukajcom" version="1.5" name="Zalukaj" provider-name="Podpis">
<requires>
    <import addon="xbmc.python" version="2.25.0"/>
    <import addon="script.module.urlresolver" version="3.0.0"/>
    <import addon="script.module.ramic"/>
</requires>
<extension point="xbmc.python.pluginsource" library="main.py">
  <provides>video</provides>
</extension>
<extension point="xbmc.addon.metadata">
  <summary lang="en">zalukaj.com</summary>
  <description lang="en">zalukaj.com</description>
  <disclaimer lang="en">A private use only. For bugs, requests or general questions visit my repository https://github.com/podpis/kodi</disclaimer>
  <language></language>
  <platform>all</platform>
  <license>GNU GENERAL PUBLIC LICENSE. Version 2, June 1991</license>
  <forum>https://github.com/podpis/kodi/issues</forum>
  <website>https://github.com/podpis/kodi</website>
  <email>ramicspaatgmaildotcom</email>
  <assets>
    <icon>icon.png</icon>
    <fanart>fanart.jpg</fanart>
  </assets>
  <news>
  </news>
</extension>
</addon>

<addon id="repository.podpis" name="Podpis Kodi Add-ons Repository" version="1.4.1" provider-name="Podpis">">
    <extension point="xbmc.addon.repository" name="Podpis Kodi Add-ons Repository (Unofficial)">
        <dir>
            <info compressed="false">https://github.com/podpis/kodi/blob/master/addons.xml</info>
            <checksum>https://github.com/podpis/kodi/blob/master/addons.xml.md5</checksum>
            <datadir zip="true">https://github.com/podpis/kodi/tree/master/zips/</datadir>
        </dir>
        <dir>
            <info compressed="false">https://github.com/podpis/kodi/blob/master/addons.xml</info>
            <checksum>https://github.com/podpis/kodi/blob/master/addons.xml.md5</checksum>
            <datadir zip="true">https://github.com/podpis/kodi/tree/master/zips/</datadir>
        </dir>
    </extension>
    <extension point="xbmc.addon.metadata">
        <summary>Podpis Kodi Repository</summary>
        <summary lang="pl">Repozytorium wtyczek</summary>
        <summary lang="en">Addons repository</summary>
        <description>Unofficial, private Addons repository.</description>
        <disclaimer>Repository has non-comercial nature. Just for fun</disclaimer>
        <disclaimer lang="pl">Zawartość repozytorium ma charakter niekomercyjny, tworzone dla zabawy.</disclaimer>
        <platform>all</platform>
        <website></website>
        <email></email>
    </extension>
</addon>

<addon id="script.module.ramic" name="repository.podpis" version="1.2.8" provider-name="Podpis">
  <requires>
    <import addon="xbmc.python" version="2.1.0"/>
  </requires>
  <extension point="xbmc.python.module" library="lib" />
  <extension point="xbmc.addon.metadata">
    <platform>all</platform>
  </extension>
</addon>

<addon id="script.module.urlresolver" name="URLResolver" version="4.0.17" provider-name="Eldorado, tknorris, tvaddons">
	<requires>
		<import addon="xbmc.python" version="2.1.0" />
		<import addon="plugin.video.youtube" optional="true" />
		<import addon="script.module.python.twitch" optional="true" />
		<import addon="script.module.cryptopy" version="1.2.6" optional="true" />
	</requires>
	<extension point="xbmc.python.module" library="lib" />
	<extension point="xbmc.python.pluginsource" library="lib/default.py" />
	<extension point="xbmc.addon.metadata">
		<platform>all</platform>
		<summary lang="en">Resolve common video host URL's to be playable in XBMC/Kodi.</summary>
		<summary lang="hr">Prilagodi najčešće URL-ove video izvora kako bi radili u XBMC/Kodiju.</summary>
		<description lang="en">Resolve common video host URL's to be playable in XBMC/Kodi, simplify addon development of video plugins requiring multi video hosts.</description>
		<description lang="hr">Prilagodi najčešće URL-ove video izvora kako bi radili u XBMC/Kodiju, pojednostavnjuje razvoj priključaka za video dodatke koji zahtjevaju višestruke video izvore.</description>
        <forum>https://www.tvaddons.co/forums</forum>
        <website>https://www.tvaddons.co</website>
	</extension>
</addon>
</addons>
